consensus,cell_line,Plasmid,class_1,m
AAAATGCTGAGTCAGCATTTT,MCF_10A,pD5S52,MDA Spec.,22.7199993133545
AAAATGCTGAGTCAGCATTTT,MDA_453,pD5S52,MDA Spec.,4097.76489257813
AAAGGGGC,MCF_10A,pD5S33,Both,25.5599994659424
AAAGGGGC,MDA_453,pD5S33,Both,29.8199996948242
AAATGCTGA,MCF_10A,pD5S2,top5_ran,17.2199993133545
AAATGCTGA,MDA_453,pD5S2,top5_ran,18.8600006103516
AAATTGCTGAGTCAGCATATT,MCF_10A,pD5S53,MDA Spec.,25.5599994659424
AAATTGCTGAGTCAGCATATT,MDA_453,pD5S53,MDA Spec.,7832.009765625
AACACGTG,MCF_10A,pD5S54,MDA Spec.,43.3099975585938
AACACGTG,MDA_453,pD5S54,MDA Spec.,2397.669921875
AAGAACATCCTGTTCC,MCF_10A,pD5S34,Both,4000.84985351563
AAGAACATCCTGTTCC,MDA_453,pD5S34,Both,6662.6396484375
AAGTGGGCGTGGCC,MCF_10A,pD5S55,MDA Spec.,166.849990844727
AAGTGGGCGTGGCC,MDA_453,pD5S55,MDA Spec.,1337.63995361328
ACATCCGGGT,MCF_10A,pD5S35,Both,2517.30493164063
ACATCCGGGT,MDA_453,pD5S35,Both,7321.52001953125
ACCCGCAT,MCF_10A,pD5S74,10A Spec.,27.689998626709
ACCCGCAT,MDA_453,pD5S74,10A Spec.,31.9499988555908
ACCCGGATGTA,MCF_10A,pD5S11,top5_ran,5733.43994140625
ACCCGGATGTA,MDA_453,pD5S11,top5_ran,15560.3203125
AGGGGGCGGGGCCAA,MCF_10A,pD5S15,top5_ran,222.220001220703
AGGGGGCGGGGCCAA,MDA_453,pD5S15,top5_ran,884.779968261719
AGGTTCAAAGGTCA,MCF_10A,pD5S75,10A Spec.,24.1399993896484
AGGTTCAAAGGTCA,MDA_453,pD5S75,10A Spec.,23.4299983978272
AGTTAATCATTAACT,MCF_10A,pD5S21,None,30.5299987792969
AGTTAATCATTAACT,MDA_453,pD5S21,None,34.7899971008301
ATTACGCAAT,MCF_10A,pD5S56,MDA Spec.,34.0799980163574
ATTACGCAAT,MDA_453,pD5S56,MDA Spec.,247.789993286133
ATTTTCCGTAAAAT,MCF_10A,pD5S22,None,36.2099990844727
ATTTTCCGTAAAAT,MDA_453,pD5S22,None,35.5
CAACCCCTGGGTGTGG,MCF_10A,pD5S36,Both,174.65998840332
CAACCCCTGGGTGTGG,MDA_453,pD5S36,Both,144.839996337891
CAACGTCCGCGG,MCF_10A,pD5S76,10A Spec.,52.5399971008301
CAACGTCCGCGG,MDA_453,pD5S76,10A Spec.,54.6699981689453
CAAGTGTCACGTGTTACTTG,MCF_10A,pD5S57,MDA Spec.,185.309997558594
CAAGTGTCACGTGTTACTTG,MDA_453,pD5S57,MDA Spec.,1193.15496826172
CACCAGGGGGCG,MCF_10A,pD5S58,MDA Spec.,211.579986572266
CACCAGGGGGCG,MDA_453,pD5S58,MDA Spec.,758.279968261719
CACGTGTT,MCF_10A,pD5S16,top5_ran,78.7200012207031
CACGTGTT,MDA_453,pD5S16,top5_ran,1925.35998535156
CACTGACGTCA,MCF_10A,pD5S77,10A Spec.,41.8899993896484
CACTGACGTCA,MDA_453,pD5S77,10A Spec.,36.9199981689453
CACTTGA,MCF_10A,pD5S23,None,44.7299995422363
CACTTGA,MDA_453,pD5S23,None,41.8899993896484
CAGGTCACGGT,MCF_10A,pD5S4,top5_ran,18.0399990081787
CAGGTCACGGT,MDA_453,pD5S4,top5_ran,17.2199993133545
CCACCTGGGT,MCF_10A,pD5S78,10A Spec.,38.3400001525879
CCACCTGGGT,MDA_453,pD5S78,10A Spec.,35.5
CCACGTGC,MCF_10A,pD5S3,top5_ran,63.1399993896484
CCACGTGC,MDA_453,pD5S3,top5_ran,3468.59985351563
CCAGGTCACCCTGACCTTG,MCF_10A,pD5S59,MDA Spec.,29.8199996948242
CCAGGTCACCCTGACCTTG,MDA_453,pD5S59,MDA Spec.,26.9799995422363
CCCGGAG,MCF_10A,pD5S37,Both,48.9899978637695
CCCGGAG,MDA_453,pD5S37,Both,52.5399971008301
CCCTCTAGT,MCF_10A,pD5S60,MDA Spec.,28.3999996185303
CCCTCTAGT,MDA_453,pD5S60,MDA Spec.,38.3400001525879
CGTTGACGTCAC,MCF_10A,pD5S8,top5_ran,48.3800010681152
CGTTGACGTCAC,MDA_453,pD5S8,top5_ran,33.6199989318848
CTAGGTCA,MCF_10A,pD5S79,10A Spec.,29.1099987030029
CTAGGTCA,MDA_453,pD5S79,10A Spec.,31.9499988555908
CTCCTCCCCTCCCTCCTCCCC,MCF_10A,pD5S19,top5_ran,968.009979248047
CTCCTCCCCTCCCTCCTCCCC,MDA_453,pD5S19,top5_ran,934.389984130859
CTGTGGTTTGT,MCF_10A,pD5S61,MDA Spec.,24.1399993896484
CTGTGGTTTGT,MDA_453,pD5S61,MDA Spec.,55.379997253418
CTTAATTAGT,MCF_10A,pD5S24,None,34.7899971008301
CTTAATTAGT,MDA_453,pD5S24,None,35.5
GACGTGGGCG,MCF_10A,pD5S62,MDA Spec.,67.4499969482422
GACGTGGGCG,MDA_453,pD5S62,MDA Spec.,684.440002441406
GAGACCATCTGTTCCC,MCF_10A,pD5S9,top5_ran,42.6399993896484
GAGACCATCTGTTCCC,MDA_453,pD5S9,top5_ran,39.3600006103516
GAGGGGCGCAGCTGCGCCCCAA,MCF_10A,pD5S25,None,23.4299983978272
GAGGGGCGCAGCTGCGCCCCAA,MDA_453,pD5S25,None,20.5900001525879
GATTAATTAATTAAGTC,MCF_10A,pD5S26,None,29.1099987030029
GATTAATTAATTAAGTC,MDA_453,pD5S26,None,31.2399997711182
GCAATTAA,MCF_10A,pD5S80,10A Spec.,24.1399993896484
GCAATTAA,MDA_453,pD5S80,10A Spec.,25.5599994659424
GCACTTAAA,MCF_10A,pD5S81,10A Spec.,36.9199981689453
GCACTTAAA,MDA_453,pD5S81,10A Spec.,29.1099987030029
GCACTTCCTGGG,MCF_10A,pD5S7,top5_ran,5624.3798828125
GCACTTCCTGGG,MDA_453,pD5S7,top5_ran,2122.56994628906
GCCACGCCCA,MCF_10A,pD5S63,MDA Spec.,86.6199951171875
GCCACGCCCA,MDA_453,pD5S63,MDA Spec.,351.449981689453
GCCGGAAGCG,MCF_10A,pD5S10,top5_ran,2145.93994140625
GCCGGAAGCG,MDA_453,pD5S10,top5_ran,2047.5400390625
GCCGGAAGTG,MCF_10A,pD5S1,top5_ran,1853.19995117188
GCCGGAAGTG,MDA_453,pD5S1,top5_ran,3390.69995117188
GCCTCGGGCG,MCF_10A,pD5S5,top5_ran,46.7399978637695
GCCTCGGGCG,MDA_453,pD5S5,top5_ran,40.1800003051758
GCTCGTAAAAA,MCF_10A,pD5S64,MDA Spec.,30.5299987792969
GCTCGTAAAAA,MDA_453,pD5S64,MDA Spec.,546.700012207031
GGAACAGGATGTTCTT,MCF_10A,pD5S38,Both,2666.0498046875
GGAACAGGATGTTCTT,MDA_453,pD5S38,Both,3141.75
GGAAGGAAGGAAGGAAGG,MCF_10A,pD5S27,None,95.1399993896484
GGAAGGAAGGAAGGAAGG,MDA_453,pD5S27,None,151.940002441406
GGACATGCCCGGGCATGTCT,MCF_10A,pD5S39,Both,109.339996337891
GGACATGCCCGGGCATGTCT,MDA_453,pD5S39,Both,168.269989013672
GGCCCCGCCCCCC,MCF_10A,pD5S17,top5_ran,924.550018310547
GGCCCCGCCCCCC,MDA_453,pD5S17,top5_ran,1865.08996582031
GGGAATTTCC,MCF_10A,pD5S40,Both,19243.83984375
GGGAATTTCC,MDA_453,pD5S40,Both,143.064994812012
GGGAATTTCCC,MCF_10A,pD5S41,Both,30717.7939453125
GGGAATTTCCC,MDA_453,pD5S41,Both,103.659996032715
GGGCATGTCTGGGCATGTCT,MCF_10A,pD5S42,Both,123.539993286133
GGGCATGTCTGGGCATGTCT,MDA_453,pD5S42,Both,315.949981689453
GGGGATTTCCA,MCF_10A,pD5S43,Both,36473.408203125
GGGGATTTCCA,MDA_453,pD5S43,Both,98.6899948120117
GGGGGATTTCCC,MCF_10A,pD5S82,10A Spec.,13637.3247070313
GGGGGATTTCCC,MDA_453,pD5S82,10A Spec.,46.8599967956543
GGTAATTAA,MCF_10A,pD5S28,None,22.0100002288818
GGTAATTAA,MDA_453,pD5S28,None,22.7199993133545
GGTACAATCTGTTCTG,MCF_10A,pD5S83,10A Spec.,156.199996948242
GGTACAATCTGTTCTG,MDA_453,pD5S83,10A Spec.,48.2799987792969
GTAAACA,MCF_10A,pD5S29,None,22.0100002288818
GTAAACA,MDA_453,pD5S29,None,20.5900001525879
GTAGCAACCA,MCF_10A,pD5S30,None,26.269998550415
GTAGCAACCA,MDA_453,pD5S30,None,31.2399997711182
GTATTGACAGCTCCTT,MCF_10A,pD5S84,10A Spec.,33.3699989318848
GTATTGACAGCTCCTT,MDA_453,pD5S84,10A Spec.,31.2399997711182
GTCATTTTGGCCG,MCF_10A,pD5S65,MDA Spec.,42.5999984741211
GTCATTTTGGCCG,MDA_453,pD5S65,MDA Spec.,149.099990844727
GTGAAAGT,MCF_10A,pD5S66,MDA Spec.,26.9799995422363
GTGAAAGT,MDA_453,pD5S66,MDA Spec.,34.7899971008301
GTGCGTACGTGGG,MCF_10A,pD5S44,Both,2496.35986328125
GTGCGTACGTGGG,MDA_453,pD5S44,Both,3712.58984375
GTTGTCACGTGCCCGC,MCF_10A,pD5S67,MDA Spec.,347.899993896484
GTTGTCACGTGCCCGC,MDA_453,pD5S67,MDA Spec.,999.679992675781
TAACCAATATAACCAATTAATAACC,MCF_10A,pD5S31,None,19.8799991607666
TAACCAATATAACCAATTAATAACC,MDA_453,pD5S31,None,24.1399993896484
TAAGAACAATGGGA,MCF_10A,pD5S85,10A Spec.,24.8499984741211
TAAGAACAATGGGA,MDA_453,pD5S85,10A Spec.,16.3299999237061
TCACGTGGTT,MCF_10A,pD5S45,Both,69.5799942016602
TCACGTGGTT,MDA_453,pD5S45,Both,75.2599945068359
TCGCGTGAT,MCF_10A,pD5S46,Both,551.669982910156
TCGCGTGAT,MDA_453,pD5S46,Both,783.130004882813
TCTCACGCTAGCCGGGGG,MCF_10A,pD5S86,10A Spec.,44.7299995422363
TCTCACGCTAGCCGGGGG,MDA_453,pD5S86,10A Spec.,35.5
TCTGATTGGTTAGT,MCF_10A,pD5S47,Both,1208.419921875
TCTGATTGGTTAGT,MDA_453,pD5S47,Both,2770.419921875
TGACCTTTTGACCCT,MCF_10A,pD5S68,MDA Spec.,39.0499992370606
TGACCTTTTGACCCT,MDA_453,pD5S68,MDA Spec.,26.269998550415
TGAGTCA,MCF_10A,pD5S48,Both,2405.8349609375
TGAGTCA,MDA_453,pD5S48,Both,159.75
TGCTGACTCAGC,MCF_10A,pD5S20,top5_ran,42.6399993896484
TGCTGACTCAGC,MDA_453,pD5S20,top5_ran,15092.509765625
TGCTGAGTCAGCA,MCF_10A,pD5S12,top5_ran,32.7999992370606
TGCTGAGTCAGCA,MDA_453,pD5S12,top5_ran,17852.6298828125
TGGGCGTGG,MCF_10A,pD5S49,Both,719.584991455078
TGGGCGTGG,MDA_453,pD5S49,Both,2156.97998046875
TGTCA,MCF_10A,pD5S69,MDA Spec.,25.5599994659424
TGTCA,MDA_453,pD5S69,MDA Spec.,28.3999996185303
TTATGTAACGT,MCF_10A,pD5S70,MDA Spec.,49.6999969482422
TTATGTAACGT,MDA_453,pD5S70,MDA Spec.,1817.24493408203
TTGCGTCAT,MCF_10A,pD5S71,MDA Spec.,78.0999984741211
TTGCGTCAT,MDA_453,pD5S71,MDA Spec.,90.1699981689453
TTGCTGAGTCAGCAA,MCF_10A,pD5S72,MDA Spec.,29.1099987030029
TTGCTGAGTCAGCAA,MDA_453,pD5S72,MDA Spec.,5034.60986328125
TTGGAAATCCCCT,MCF_10A,pD5S50,Both,56650.1875
TTGGAAATCCCCT,MDA_453,pD5S50,Both,185.309997558594
TTGGCACGGTGCCAA,MCF_10A,pD5S6,top5_ran,52.4799995422363
TTGGCACGGTGCCAA,MDA_453,pD5S6,top5_ran,229.599990844727
TTTTATGGGC,MCF_10A,pD5S51,Both,52.5399971008301
TTTTATGGGC,MDA_453,pD5S51,Both,476.409973144531
